{
  "significance_inflation": [
    "stands as", "serves as", "is a testament", "is a reminder",
    "vital role", "significant role", "crucial role", "pivotal role",
    "key role", "pivotal moment", "key moment", "key turning point",
    "underscores its importance", "highlights its importance",
    "underscores its significance", "highlights its significance",
    "reflects broader", "symbolizing its ongoing", "symbolizing its enduring",
    "symbolizing its lasting", "contributing to the", "setting the stage for",
    "marking the", "shaping the", "represents a shift", "marks a shift",
    "evolving landscape", "focal point", "indelible mark", "deeply rooted",
    "enduring legacy", "rich tapestry", "broader movement"
  ],
  "notability_emphasis": [
    "independent coverage", "local media outlets", "regional media outlets",
    "national media outlets", "music outlets", "business outlets", "tech outlets",
    "profiled in", "written by a leading expert", "active social media presence",
    "has been featured in", "has been cited in", "maintains a strong digital presence"
  ],
  "superficial_analysis": [
    "highlighting", "underscoring", "emphasizing", "ensuring",
    "reflecting", "symbolizing", "contributing to", "cultivating",
    "fostering", "encompassing", "showcasing", "valuable insights",
    "align with", "aligns with", "resonate with", "resonates with"
  ],
  "promotional_language": [
    "boasts a", "boasts an", "vibrant", "rich cultural heritage",
    "profound", "enhancing its", "exemplifies", "commitment to",
    "natural beauty", "nestled", "in the heart of", "groundbreaking",
    "renowned", "breathtaking", "must-visit", "stunning", "bustling",
    "game-changing", "cutting-edge", "state-of-the-art", "world-class",
    "best-in-class", "industry-leading", "innovative", "revolutionary"
  ],
  "vague_attributions": [
    "industry reports", "observers have cited", "experts argue",
    "experts believe", "some critics argue", "several sources",
    "several publications", "according to experts", "widely regarded",
    "it is widely believed", "many believe", "some would say"
  ],
  "challenges_formula": [
    "despite its", "faces several challenges", "despite these challenges",
    "challenges and legacy", "future outlook", "future prospects",
    "looking ahead", "moving forward", "going forward"
  ],
  "ai_vocabulary": [
    "additionally", "align with", "crucial", "delve", "emphasizing",
    "enduring", "enhance", "fostering", "garner", "highlight",
    "interplay", "intricate", "intricacies", "key", "landscape",
    "pivotal", "showcase", "showcasing", "tapestry", "testament",
    "underscore", "underscores", "valuable", "vibrant", "nuanced",
    "multifaceted", "paradigm", "synergy", "realm", "underpins",
    "unraveling", "unveiling", "leveraging", "furthermore", "moreover",
    "consequently", "subsequently", "henceforth", "thereby", "wherein",
    "thereof", "whatsoever", "nevertheless", "notwithstanding"
  ],
  "copula_avoidance": {
    "serves as a": "is a",
    "serves as an": "is an",
    "serves as the": "is the",
    "stands as a": "is a",
    "stands as an": "is an",
    "stands as the": "is the",
    "marks a": "is a",
    "marks an": "is an",
    "marks the": "is the",
    "represents a": "is a",
    "represents an": "is an",
    "represents the": "is the",
    "boasts a": "has a",
    "boasts an": "has an",
    "boasts the": "has the",
    "features a": "has a",
    "features an": "has an",
    "features the": "has the",
    "offers a": "has a",
    "offers an": "has an"
  },
  "filler_replacements": {
    "in order to": "to",
    "due to the fact that": "because",
    "at this point in time": "now",
    "at the present time": "now",
    "has the ability to": "can",
    "it is important to note that": "",
    "it should be noted that": "",
    "it is worth noting that": "",
    "it is crucial to note that": "",
    "it is critical to remember that": "",
    "it goes without saying that": "",
    "needless to say": "",
    "Additionally,": "",
    "Furthermore,": "",
    "Moreover,": "",
    "In conclusion,": "",
    "To summarize,": "",
    "In summary,": "",
    "Overall,": "",
    "utilize": "use",
    "utilizes": "uses",
    "utilizing": "using",
    "utilization": "use",
    "leverage": "use",
    "leverages": "uses",
    "leveraging": "using",
    "facilitate": "help",
    "facilitates": "helps",
    "facilitating": "helping",
    "implement": "add",
    "implements": "adds",
    "prioritize": "focus on",
    "prioritizes": "focuses on",
    "optimize": "improve",
    "optimizes": "improves",
    "streamline": "simplify",
    "streamlines": "simplifies"
  },
  "chatbot_artifacts": [
    "I hope this helps",
    "Let me know if",
    "Would you like me to",
    "Great question",
    "Excellent question",
    "You're absolutely right",
    "That's a great point",
    "That's an excellent point",
    "Certainly!",
    "Of course!",
    "Absolutely!",
    "Happy to help",
    "I'd be happy to",
    "Feel free to",
    "Don't hesitate to",
    "Here is a",
    "Here's a",
    "I can help you with",
    "As an AI",
    "As a language model",
    "As an AI language model"
  ],
  "hedging_phrases": [
    "it could potentially",
    "it might possibly",
    "arguably",
    "it could be argued that",
    "some would say",
    "in some ways",
    "to some extent",
    "in certain respects",
    "may vary",
    "results may vary"
  ],
  "negative_parallelisms": [
    "not only", "but also",
    "it's not just about", "it's about",
    "it is not merely", "it is",
    "not just", "but",
    "no longer", "instead"
  ],
  "rule_of_three_patterns": [
    "innovation, inspiration, and",
    "engage, educate, and",
    "plan, execute, and",
    "design, develop, and",
    "research, develop, and",
    "create, collaborate, and",
    "learn, grow, and"
  ],
  "markdown_artifacts": [
    "**", "##", "###", "```",
    "* **", "- **", "1. **"
  ],
  "citation_bugs": [
    "oaicite", "oai_citation", "contentReference",
    "turn0search", "turn0image", "utm_source=chatgpt",
    "utm_source=openai", "attached_file", "grok_card"
  ],
  "knowledge_cutoff": [
    "as of my last", "as of my knowledge",
    "up to my last training", "based on available information",
    "while specific details are limited",
    "not widely available", "not widely documented",
    "in the provided sources", "in available sources"
  ],
  "curly_quotes": {
    "\u201c": "\"",
    "\u201d": "\"",
    "\u2018": "'",
    "\u2019": "'"
  },
  "em_dash_patterns": ["—", " — ", "-- "]
}
